1.0.0																		
38 Task Force Special		https://lh7-rt.googleusercontent.com/sheetsz/AHOq17GyJHm2OefYmQUoYQ7vWlThdaSsE6OGxcJbPa8tAlBKa8PHDFeO-0j-WCuqvdMtn5x4QgUDTmptDuFlMFZ1hNaa2AHmcD8rUYR4otIv9D5z1gzxyhQyVrv2JKg8m36k7c0PKhO74R8YZG7w=w315-h449?key=pXRsOlM8nghDTXXRqF_buA																
A Korean Odyssey		https://lh7-rt.googleusercontent.com/sheetsz/AHOq17FURJ2esI01YD9lIQT2ByhjmtYilg7mUBnfZc7473LR-IEX0cfwceY6OwnKrB_1gDLt_jBuBN8sIBUyjIPVISo_dgjnXjtvbu4_RSBQPb29lP9hWeg5pWhX7L9taTFTJtqlVZlY1DHQarUT=w315-h449?key=pXRsOlM8nghDTXXRqF_buA																
A Shop for Killers		https://lh7-rt.googleusercontent.com/sheetsz/AHOq17HumPQnZK3ac6NMhOT68k7Ol5tmcK7SyEedt4-28HJ690Br1jVNhdKWFjRnkDpGeBxLMjp_aeXqhtsya3TxhhQRNyIDFbbrLgfSatrAboDDpuRmdQQsjOmYPgFOa7pTZ3_vf3rwaPhLC4lq=w315-h449?key=pXRsOlM8nghDTXXRqF_buA																
A Time Called You		https://lh7-rt.googleusercontent.com/sheetsz/AHOq17EChPaNPZXt1eJ5K7LUuJk3bVqnNqBk0xSd1_wZ1x5xWIrldvIO5BvjCzEmQXwg7jX7KbNYg1bOxlGAXCIauVjBBtdn7-80rC0N_ixsS8EyaPV-aldhYiqca0pZetuOEc8FuLMXlVoPEunS=w315-h449?key=pXRsOlM8nghDTXXRqF_buA																
Alchemy of Souls		https://lh7-rt.googleusercontent.com/sheetsz/AHOq17FHgALrHSj_n4YqPzqup9d0GhN6XpMvLiqK4p65oxU80XlKg0jR2TczVqgaN2_HEUJKYWDDKY3HLlddWv5mqEwnJMWI8dMy34KSdVAg06izBBgRVIklaw3pEY92NuSjFslZiV_IgVlVYGw=w315-h449?key=pXRsOlM8nghDTXXRqF_buA																
All of Us Are Dead		https://lh7-rt.googleusercontent.com/sheetsz/AHOq17GPFspAvuE3LVQCklqCvdbgQ93s3Bo4ZvsVyT6L2GDodVASgg2EBf1JUZdoMfUy0mi0dbRveFM7VZ48gnNMfRz1vbrWlIaIqpGfoZ_-cu1Q2Awi72RQScw7aFCre75Os5CKHvWL-XHhBTgu=w315-h449?key=pXRsOlM8nghDTXXRqF_buA																
Big Mouth		https://lh7-rt.googleusercontent.com/sheetsz/AHOq17F-D2Gvju3mlEVzZsi7U-30sTcYh9UXaBdgpbDU5wBmhZ_Svh0UWkeaKXTe4Yn6cCPzF6A1UU3j8zN77lWKzKp0Ou53DFk7vMwvSIgnfwZfmyosZvqIfARAH1IyHqXYx1-almuC2rJO5SzN=w315-h449?key=pXRsOlM8nghDTXXRqF_buA																
Bloodhounds		https://lh7-rt.googleusercontent.com/sheetsz/AHOq17EHwGL52FiQPK59DgEjWVnmM5WsWMP_-B12-ghAEf5xmEEkLdbiJNrqDVbRa3SL9bTBh16WOIEF5HKCKIElQNJozAb6V1p5zy38G27UPld2mLYLJFQQxaQ1xab7pqVmB0qTQtIVlDofhiI=w315-h449?key=pXRsOlM8nghDTXXRqF_buA																
Business Proposal		https://lh7-rt.googleusercontent.com/sheetsz/AHOq17HIwIdMtyjTbLSJjg4g7JBVMuKKJJa9ofWbb47k5Zk2UmunDfnTQC_CJb2vd_ZjEuyMhSMrCOhhNBJH-IoJ9_QXpqe457eE9Jtch0eA7ONzJmyujml_SQQybU6bpGNrh3u8LFMKmu1-Dt5Y=w315-h449?key=pXRsOlM8nghDTXXRqF_buA																
Coffee Prince		https://lh7-rt.googleusercontent.com/sheetsz/AHOq17F5XAjG-J3Qqo7l5NYzaqmflHmLO4rBHbUeORAZZyaqlMKdOx30Y9WmIcnTpEnqMllE6gkUX5TmdYzAOjP4dJKEwi9_XintVR5wMZQ43AmqUseRZbwzmPUd_rL4LCXtUsGrUamP9Dgt7pB2=w315-h449?key=pXRsOlM8nghDTXXRqF_buA																
Crash Landing on You		https://lh7-rt.googleusercontent.com/sheetsz/AHOq17EdL7BIPG0N0oCKbJHa3_ZrisELeSLGrS8gWHq135PB9b5xbjn0vaDe03hJhXhs71RKTpFziBTW0fupJw2s-VQ-Wfsxf84qaW7XO89rrfeM8v87lYNF8oLaD9KrFez3_L6-p6IiT1LtnDR2=w315-h449?key=pXRsOlM8nghDTXXRqF_buA																
Death's Game		https://lh7-rt.googleusercontent.com/sheetsz/AHOq17HAzAVyNhmSDas6VSmGjUhBYp04PqKTiCKax9tU4mD9SfF5NbqEoxU20VXfCxeax0NcBvKT65h3cQ80Cbb704xtTaPukMCcld7OV2iPYPfB2ZD16cQrFes_vy3Af3vY2cPfhye1TnnK3hg=w315-h449?key=pXRsOlM8nghDTXXRqF_buA																
Descendants of the Sun		https://lh7-rt.googleusercontent.com/sheetsz/AHOq17FH2ynYHOxaLFJD7qdA6te4WTMzHWjN1gkMQnuywi-chB64Cen1F9RmoRWTvPxps82lE6JIzAWPi6e7_iaFT05WSzvv0TXqXSk0I2EI9aBiTbKXUok14n5YE4M4701byh205FvyUYMtmMU=w315-h449?key=pXRsOlM8nghDTXXRqF_buA																
Doom at Your Service 		https://lh7-rt.googleusercontent.com/sheetsz/AHOq17HBYeNuk8gh8o7ATcC4h7T80z_VKExo3IcdNA6mVfIXDec1hhQ7fN6fhQp7MmMnaC8iMlsYFyeApUGYGgurE3hk1uk-sJSgt9pkf_g1XQKl3S0CYS4mO9gB9p9krwfQC0jlWqKn4bJfDZHq=w315-h449?key=pXRsOlM8nghDTXXRqF_buA																
Dr. Romantic		https://lh7-rt.googleusercontent.com/sheetsz/AHOq17HesY5F2HNSg66vlotqj0ZP2adWGgkIRs56CtWilixgr_qf45dd1jLt6ibCYbRNoMB6-yTkonLrLcu4zGccOYOG4reVth_lNG5yk8cPxeW9OP61q0-qhgF4MLBOWZto8hvpErRZjVvjKsWy=w315-h449?key=pXRsOlM8nghDTXXRqF_buA																
Dream High		https://lh7-rt.googleusercontent.com/sheetsz/AHOq17HaU9yIWqONbAMACQ2w7_GSpam6nfdP79E8RYERcxcVFeU1P2DRRHq1YoPmmCt9UDvvgxTEzfSdJ4Y1xMCBCyBVr2miy7KpsU1ryhqZv3j3iTZ8LgYlzL-eb05lDFV9-c8557ZMBTf4aJrX=w315-h449?key=pXRsOlM8nghDTXXRqF_buA																
Duty after School		https://lh7-rt.googleusercontent.com/sheetsz/AHOq17HOWFgQpWZ4SeF0eEYL2hoFJRgEFl6F0MRFqfhIqCMoA2QKjy-wNytjIy81mIbI32W1PB0t9NkDqRkVLHcoHN8wXGdRXThKqYfT38_d6HuNsnMSCsdvU-hT3kk6iKVdUAmhVbainJ3ljHM=w315-h449?key=pXRsOlM8nghDTXXRqF_buA																
Empress Ki		https://lh7-rt.googleusercontent.com/sheetsz/AHOq17H8VY5LdHMmYeTB31LD0lfrQRCxIA0bBqp71okzoyQQg5hgNbHjqpKXuambIHXzDUdWeHYKqbhskd0GI-phL2Aa4mgo68khjwvMz_caekJvUtFpx52N-vT_YrpTFHYgd-CVCZh3ozolXaw=w315-h449?key=pXRsOlM8nghDTXXRqF_buA																
Extraordinary Attorney Woo		https://lh7-rt.googleusercontent.com/sheetsz/AHOq17GKzybg13SLwNd_o3PQANJJ09L-JyXHGwmyk4LpgLPyTniuAypbUBfXB1HIg_QauJ8NWLbnCEJM0bJIkjxhI5KfXejTwg3rwJNiMzG2LUy9A4d7V41cmd2-o4h0M7_WazcbUbRxwAV1dB3u=w315-h449?key=pXRsOlM8nghDTXXRqF_buA																
Flower of Evil		https://lh7-rt.googleusercontent.com/sheetsz/AHOq17GAjeUhJyIszWXnX3_qIs1CnMpTyH4mp9HMuTUxi4zCr364oimQKDt90xQu7Jj076Js5JUDmALkYnM1VDHwzS-FF240UlrcagHdoPmNrvJfnQEdm0Q9BCNALm5PMRydHauLjJxnntbs8-QF=w315-h449?key=pXRsOlM8nghDTXXRqF_buA																
Ghost Doctor		https://lh7-rt.googleusercontent.com/sheetsz/AHOq17Ea1Bvrrc9PT0OpBBdowwpBOEyasAlxIPQGRaN5fLR2I1DGUmKqH5qAtOaBog-15cifEWStl59GNDJYJYF_rb42KJItW1w4m7UunApmhoZrhhvdWGkO1BmtLRTGSfGudIiuoADJx5F6PkyS=w315-h449?key=pXRsOlM8nghDTXXRqF_buA																
Goblin 		https://lh7-rt.googleusercontent.com/sheetsz/AHOq17HbH2RYmYmRxnIaR0VbI2LYwvvDuJtCZEZSquKvcyO1F4xwe2rAjfh4mBiGNkwuylbfGtLRCXoMN8S361GFQFvX28ErdAY5zaQYoMHZWk3KRThOTPaNBjR-Fm3LCXG5WkKfRPtiT1rOPg45=w315-h449?key=pXRsOlM8nghDTXXRqF_buA																
Happiness		https://lh7-rt.googleusercontent.com/sheetsz/AHOq17EalG434gcwcMmVqMBQRM1Nnv2BtquMBRkMRv2tJM5tS4LFRu5jgsh09T39lgf5aOqsivbE5vDIhqaO1gSSv5GZLSTCHJCOhIR8OA_iLmgc5FWKF6KmYJHy2oisxYkpuWzrjmO8nbNADl4=w315-h449?key=pXRsOlM8nghDTXXRqF_buA																
High School Return of a Gangster		https://lh7-rt.googleusercontent.com/sheetsz/AHOq17GokV95NPdDyrl7nQHIdsDwh-sYDCKZlwNDq7OCj6rwofmcIWjEdi1pCA6_sZFhOaZK2-GE3TXxcZsCv2TUG4wi15hNSO6bNggrnGFugaNzB2kNQ1uwqG1705RbebwsyjbF6WADjDFpobI=w315-h449?key=pXRsOlM8nghDTXXRqF_buA																
Hit the Top		https://lh7-rt.googleusercontent.com/sheetsz/AHOq17GWfV69mYCYnIck_kzsdt1X2VK8o4Mp8wnkHE0qM2uBU8JDKJ0CCyg4yxOA4QZhabMz-rBjsAm4lZ7TofRM22KA2yipLgyj2kaW1Cf1jg4-gpvu11zzWM9KzOhd1nhKoPEWCjZ_1sdrfrRq=w315-h449?key=pXRsOlM8nghDTXXRqF_buA																
Hometown Cha-Cha-Cha		https://lh7-rt.googleusercontent.com/sheetsz/AHOq17F8UVICiAUTblwgQJ0CK8dPW3Fxa89vaGkyxfjOi6d9pZEGycDxw2yeTe0N6wP2TI0auVYPqftIePHV6cagdRzB3G-WZ1Gf6EnHnab3dpdt2pasHgzjkA7Gs_BZYp7TPwRN190RNDL176VH=w315-h449?key=pXRsOlM8nghDTXXRqF_buA																
Hospital Playlist		https://lh7-rt.googleusercontent.com/sheetsz/AHOq17GeSdVTyuSTUtVdPFNMik3NLHvN9HAYmDQ7kzlxk7NJjAFYF50Ul96C9ZLDS-x_aY5ec1KYx8VOkGQ8ZQPR_SGCNZ3jCmamzDjW0bBHzmrPSYQg3v5Ze6BiavE_mzrVnwRh3WN4W-RFf_VT=w315-h449?key=pXRsOlM8nghDTXXRqF_buA																
Hwarang: The Poet Warrior Youth		https://lh7-rt.googleusercontent.com/sheetsz/AHOq17HfLPn7rlMC5mbGPJ5ETsLV-NDJDYBW7D88zxmeA-bqTiX6pRDTvp-toWqCcBtuLPTeBZn1Jbp-SrttQUPFD6uiakbpsYLiZstKkw79sYcq89X6yk47UkvTDdeo0tJrwEL83hfXmQsEJrg=w315-h449?key=pXRsOlM8nghDTXXRqF_buA																
IRIS		https://lh7-rt.googleusercontent.com/sheetsz/AHOq17E8rR97yp4caJBxEI2vOmrGw1MPZ6hZqCrLa4M7MvXKMsK5EdGY0BqFQQ9nWx9L3Cks8GQ6H7rBBbkLlzOz03eo2JReKz2yr7iJegU2GeQ0blAYfj5H-sCMxo4cKTaSVzzPgt0ve0lKPXXY=w315-h449?key=pXRsOlM8nghDTXXRqF_buA																
Itaewon Class		https://lh7-rt.googleusercontent.com/sheetsz/AHOq17F_4BNi-voQ5Ab9bbqX5q3ddFzkEaGAGTcqVOOxxUJfeLavGF6GMi3rJMv1LW5G8-6Y1u6UkGm7GCWqkp8pNKCDh30QnXt1dyitf63yWcSVFd4Xebl6Ab5TqPDnBEzCBq-IwAPRIHRcBfcK=w315-h449?key=pXRsOlM8nghDTXXRqF_buA																
It's Okay to Not Be Okay		https://lh7-rt.googleusercontent.com/sheetsz/AHOq17HfSKJw5eNz4Bo19XllPBhAirRLONdu5wipBNAejR6wF3uTXEIm6Luo0J37FIc2VQiKwvGUuBrU_3fcGBYTW5wQ2er2F_qBpnhr8lQFsUnNxxtA2vmn0Kpr_4KKF5Q0EnXjnLYf-ayFLWTX=w315-h449?key=pXRsOlM8nghDTXXRqF_buA																
Juvenil Justice		https://lh7-rt.googleusercontent.com/sheetsz/AHOq17GIhinVAVbuLO-FBeBxOYoItB_b9dq_LP6S0taNRxHPb002qqadksF52gfSipulB5tNxZoVuQut607yh3ny9bDva2odHcliShOoeEoxiBL6P9RRqZazvFHoYKIyNH-iUkz2YjwccymNcuVO=w315-h449?key=pXRsOlM8nghDTXXRqF_buA																
Kill Me Heal Me		https://lh7-rt.googleusercontent.com/sheetsz/AHOq17EPeCua4R0zvFdYZfeZZ5P-H6B2ZAjZvWiLWxTXqE4CKThOhGoxzJSHTt_WbZdybjmKsd07uxMbXyRLjEQOXuQy1AxTqlHi7vTPoF0I3MeMMguA1g-om3Kn8zcs4lk1dJBJr1Z8D-Z_1X8D=w315-h449?key=pXRsOlM8nghDTXXRqF_buA																
Kingdom		https://lh7-rt.googleusercontent.com/sheetsz/AHOq17H5fJO5w9v3aZ1JSvO39tgvJBLQGzYs4oV-6VQOUxlINndcMdolkCDKxHwYbG84DVAq6JsNNKK7txdgaXtt3ybdu8iDl63km_4XYu8jKMWxEGwf2eSfJ_ViPDtFQNKVSCxkRSnmCncRtgEo=w315-h449?key=pXRsOlM8nghDTXXRqF_buA																
Love in the Moonlight		https://lh7-rt.googleusercontent.com/sheetsz/AHOq17HMkoUeLP8bdI3cec5ozOtRGXYR4tcWc3qEHpgLFIQ4wtRzOIuc7YthYnzYtRGSQS-8Z4RceXI5AMaVU6ajzqU0UTXyp9Vag3_Nr-6HsovQDqygIAaZHsl1DZMiuh1RGxwcxt_9UcFAgAHT=w315-h449?key=pXRsOlM8nghDTXXRqF_buA																
Lovely Runner		https://lh7-rt.googleusercontent.com/sheetsz/AHOq17GsRS6rsx-LDiYZ-bAmJuN9jhQFDSzSOFJkkD45yWRrJAl7hEflgAN_4JXCcZVxYX3VpmOYy62WQ7ZDW3EV2E6RFlkw2btV-X_wvusIRfyeSsdUAaa9YcwKX3OL68c3rN4nfT0kYzsk7RXp=w315-h449?key=pXRsOlM8nghDTXXRqF_buA																
Marry My Husband		https://lh7-rt.googleusercontent.com/sheetsz/AHOq17FUYWPH9tW3qfY6uJXKt4qGKmsLQP6pz_BZjBIFPvE8-fyd5CII4m6FPCvea1JoXEKxAxF3wU_pXJE6N6ONBlqEb0s-OL8phq7jVjoOPWDGkiHTYr8lqfnMF_qV3tqTz_kZi8NiXJI4MaY4=w315-h449?key=pXRsOlM8nghDTXXRqF_buA																
Misaeng: Incomplete Life		https://lh7-rt.googleusercontent.com/sheetsz/AHOq17F0toxFSWkpe1LA6AbKeBG_RyXPYqDTpvdOsS8TXt6ObjLWjJc2FNFzFCg1aaeKf_uKJrq-Gc-FgvfTpLSDcaSDaB4BQ8AhNo8RxN1yDVhBg9pB92SFZLJEW58A9hrpmdqldhuFFuhtSyuW=w315-h449?key=pXRsOlM8nghDTXXRqF_buA																
Miss Night and Day		https://lh7-rt.googleusercontent.com/sheetsz/AHOq17EMCmUaZT6FxgrREe92_magEp4vocrhLlYcsKCce4TiOGcggF1MigKwS1qmQJkqo4MDa8sVhOnglvFgQZaYO7-TXxQBuJ_BIlS-NHFviz10XqQE02Bgew9JfNNvaeXV2yxAfYF2CRN8QNWL=w315-h449?key=pXRsOlM8nghDTXXRqF_buA																
Missing: The Other Side		https://lh7-rt.googleusercontent.com/sheetsz/AHOq17EI96rB15EVppb0tpXiwKskOKQRwCQglX4M9vjBekde4oJ8IY9HWdoguQDMVJizTrxB1fYviSWxrjWJN6mWYbnocvpdcSmxkyF9llKUD3QcRi8XqgZpJt6-zTjWqx7MJOPoAHkQwUt4b0vv=w315-h449?key=pXRsOlM8nghDTXXRqF_buA																
Moon Lovers: Scarlet Heart Ryeo		https://lh7-rt.googleusercontent.com/sheetsz/AHOq17F32L4nvQzXK_F8j7BZ9mOYhZkF9fIZ-CfatwkEQ0piC5-XqWEdM-g3qOwhYJgc0GZyDTXj_uTO4QHvCnjMGVIo409SdbeIVfgcmP0y9fZtYNYkGX2yS9itQ380NIU74rRqb177LJrFvC9W=w315-h449?key=pXRsOlM8nghDTXXRqF_buA																
Mouce		https://lh7-rt.googleusercontent.com/sheetsz/AHOq17EpO7W86QT4UbsAa1-96fN99T5UVA96nSc175Dd-y7Adh1bm0snSaxY0qLwr8KywPZZQvOKm-4ywlrHW8QdoO7kQq6EA5pLYL7O_GIrItJSi66VH-LUA_nTRp_Qk-tfJ_IBk5aqWSUm-d3C=w315-h449?key=pXRsOlM8nghDTXXRqF_buA																
Move to Heven		https://lh7-rt.googleusercontent.com/sheetsz/AHOq17GCxdOKTSk-7nL8keoyFGZdRVk5uiuV6En81oFxFF79FjleA_zZhWtkF-e7uTG4PjBEZB7K0xwW6hOiaz_rwwkVo2JbHgJuqoLo7ejvas6fX3WdDp5cayyZFPcjjIaltxlE5n090VKmD74I=w315-h449?key=pXRsOlM8nghDTXXRqF_buA																
Moving		https://lh7-rt.googleusercontent.com/sheetsz/AHOq17HP_fl3GUYO9OEPc6_eSlawAAdFOIt-aq4hv0CMABZezIhnezSkndBTjuOyeYxLAUSktQ0AWHHSipL_S4Tct4IQ2ca8NpCYvnVZoFOQMsmLIe4DRoMINW9kUNBub5svxTTeMYfhnDDREQLv=w315-h449?key=pXRsOlM8nghDTXXRqF_buA																
Mr. Queen		https://lh7-rt.googleusercontent.com/sheetsz/AHOq17E2GZ2ubjMUY4eNbYQIXjzu59n05AEwgYe9-hTXA0w-e4yCCtg-xpLLF7pC9683jZNneENVx2w7FZnkXXHtwol0nYHhZaOXClW6gzsEzj8bfigKdAeoN1VEOX3seYGZQY4900peWqA_n-RH=w315-h449?key=pXRsOlM8nghDTXXRqF_buA																
Mr. Sunshine		https://lh7-rt.googleusercontent.com/sheetsz/AHOq17E4SS_gcr4fTiCQolbbn-IhMiBx2s1hdjP4xYTjrFjVKAi40LeEzvz5Zs_rCoTEo3AbFrnXDJvAjl4pOwOngitW9VH3H_yO8x2k6xReal3CephRWnt-osW1OUa8UOc73m5ZP7GqUNPu5O0=w315-h449?key=pXRsOlM8nghDTXXRqF_buA																
My Dearest		https://lh7-rt.googleusercontent.com/sheetsz/AHOq17GCCOelpF_wIATQG5ixqAn1HxJBcX3tCIILode1rb4RFadPbDNQI01kMm-ZlAG1ZY-d81csq-ClZ8dD_LdoMzmIqw2wml1ELfxbNlWBtfvEMDSOXJato_Rh902Ttx2NlvsPnnRckr9z0Y0=w315-h449?key=pXRsOlM8nghDTXXRqF_buA																
My Holo Love		https://lh7-rt.googleusercontent.com/sheetsz/AHOq17HqYcDVQuZf5cX-cLtxNGYmw6sKxPF7Vjx5jTLVPA4anH4GxUf-sHc000dxFm6iSA_Era4QERa29bBksPUmAno8Jgj_LhWu03ch6llKNtqKHZlMC9scH7opgs9pvbEm15D6C1nZE6T9AWwa=w315-h449?key=pXRsOlM8nghDTXXRqF_buA																
My Love from the Star		https://lh7-rt.googleusercontent.com/sheetsz/AHOq17FR0lzZk5s0CSUNI3iwq_0K1cAB7vq2So3NBz-oGJ8V3LhIarYBxHP6vsSAjV-_lAxA2w3ro7uqpAU5UXfdgXC-59DJQcbHiRb-RVavFbF2vUU7VJ1cyrKhAtHLI53T3dJCHZzMRcl89kI=w315-h449?key=pXRsOlM8nghDTXXRqF_buA																
My Mister		https://lh7-rt.googleusercontent.com/sheetsz/AHOq17Ft3YOj4TBkwHgKb29FhVA_2pK0fqk6nVJlQnUHkmhLz3Bw0HXs5TPYXfGUlbwnAvMEcMU8F9N6DhL9TwWc8YIBiBxpJmzx_6vHFqmCxxPkSY5bzYCy0uzCXlwiZqMPwXYBoBr9Abzxuxp0=w315-h449?key=pXRsOlM8nghDTXXRqF_buA																
Navillera		https://lh7-rt.googleusercontent.com/sheetsz/AHOq17FLzlkRI7TYGe184vAPQQr16LE-2qK-wsGKNcpoYpF7JSSiYUP8LuquCnUOgxKyz6lS-ZXMgA3Howi1bFtjfKyJGyt8BcROA-F9eQTK3DhTl-jPlMFC0eKjL1fgk8xrg5rWhgSs-saaCVNc=w315-h449?key=pXRsOlM8nghDTXXRqF_buA																
Oh My Venus		https://lh7-rt.googleusercontent.com/sheetsz/AHOq17ESd-ceSWmy-0d6Z4Y4sm4M37tz0eRmtTNsgky0UqcNqrpf5w5xyT-tuiv_UD1srhA-0D4F_OWd31ggfTds5VekoF9YcBk5-z23pPRA_hA0nXF4l5aguqDs38oVTj3hI3LwGlyNHumq2kD6=w315-h449?key=pXRsOlM8nghDTXXRqF_buA																
Our Beloved Summer		https://lh7-rt.googleusercontent.com/sheetsz/AHOq17GpWkCd4Lgn7tGo2RcGbA5jGBE2O2-vokG0afrlqCHx8jgUjL2xcpNrtYKf1jsqkyztWyMXNgJETn-5n8j1H6u3745qLcVB1z1psoig3DV8kFDWz-FZDnqjqaAcjYGU1quFeWunsWOxROU=w315-h449?key=pXRsOlM8nghDTXXRqF_buA																
Our Blues		https://lh7-rt.googleusercontent.com/sheetsz/AHOq17GQBOpqj4XNIXufrmW5-uOrzkhsF3F28SgnEJ-rxCGPFtVhT4Rb2EVMTKhhNlG2veEbweDT2Luw32BDaUTLCJ4FMyEEhCmx5DjFBsin1kpKoqATW-8EebToBPCBNP-LQsHyaYa9YqwJrpMf=w315-h449?key=pXRsOlM8nghDTXXRqF_buA																
Perfect Marriage Revenge		https://lh7-rt.googleusercontent.com/sheetsz/AHOq17E3HIDhZu8mWHm_h50ps6VN5e52zNk9hQZ2XL9HRRbp0kbqoZScZfsCESVRBqdrSILpUNZFk9hp42265-KOWOahw5uCKtLmExsrfCkzxnnqzq1RLamU5hIJzFou3s_X2syal7RpsB4rMOoH=w315-h449?key=pXRsOlM8nghDTXXRqF_buA																
Pyramid Game		https://lh7-rt.googleusercontent.com/sheetsz/AHOq17En-RurWV9GqDaCFjPVUkTtXN02ffEk7p37SL_yNZqeRgqRiIf9mw-0CYDpSRH6WadDaq3XYcpw4h3-i9bp2HXJXMFBNyzPz0gQteZi4Ufpuq4nxJLLFDk4hVFPZ6S3YZD1Ha9Ve1Tho7w=w315-h449?key=pXRsOlM8nghDTXXRqF_buA																
Queen of Tears		https://lh7-rt.googleusercontent.com/sheetsz/AHOq17GAe1RrbxzLqnDHuypoUM7B59dt9aWziMTIhkkPv9iKde3c9knNevTbu9mU45hlhsF4WIPbak6rFvxfdO7LmF6uMQ41Srf7648hrVrAd8QAl4dimnQawT-T7XdgAhTApSwgUWYKqq2UdfE=w315-h449?key=pXRsOlM8nghDTXXRqF_buA																
Reborn Rich		https://lh7-rt.googleusercontent.com/sheetsz/AHOq17GVfGwQhYvU3HnC3AkBMOro6xecvNyKBaU_VfgQ-KtQTFEClD-HAJ5RCvbEQaDkfs6tdWA-yDqBIAyvl2FB9YQOT5QdMQL7xj8VDb71Amr8IOASlqrRQHoJRt98w2MV6_I5tYrOv7iD5MZm=w315-h449?key=pXRsOlM8nghDTXXRqF_buA																
Reply 1988		https://lh7-rt.googleusercontent.com/sheetsz/AHOq17GH_a_H1CvUy97aiPnFtsgRxSHWggu4cPJID1zpg8gY9mjQMyylOXBtF8a1bIwAW5L58mopwxzbXHCFqj8L0XqTcfsv1SMVfMuIey2P7MDwQ7cEuJEBlU_9sbZbElkJdeUgkTyZwZ8axf1A=w315-h449?key=pXRsOlM8nghDTXXRqF_buA																1.0.0
Secret Garden		https://lh7-rt.googleusercontent.com/sheetsz/AHOq17E0VRNawxkAgzj6Rt0N0nP0luIzG2iDjfTeHq8_SetDMGjxKQfwLaW0OQEFX8f-YIQxqzeh3MXn12M5cIIiw6BI0n5YpsystugBdm5tiDHqt-0lP1BWf0aBQU7SfODzvFUxYl0T32VFZu9y=w315-h449?key=pXRsOlM8nghDTXXRqF_buA																
Shooting Stars		https://lh7-rt.googleusercontent.com/sheetsz/AHOq17FMHY8Ss79J9c7LQ2VD2433aHDdmRNwYQBjzfe7omTp5vA5NDGwWTJcrdvsO2p0AF9ZmdlFI4oTLJGZDKhRhJvOEk21IxaEcWtUpgiI1s4hUe3W8zSFrditPL3bU0KCYB7Nf1jxjSgHnZDn=w315-h449?key=pXRsOlM8nghDTXXRqF_buA																
Shopping King Louie		https://lh7-rt.googleusercontent.com/sheetsz/AHOq17EbpbIcZzobVBcEN5TY0IKhQY6-aYQ8CLEGLwvCmluROmb4x3k97htt5YYVu-ocgtl2gL1Y3EhVKAm9_2BIyeqDY-VkDM6TRvW-Al9EaSBP72B-4x9OoU9nmv9y4ZqTXwKAuWrlKJrCn2lU=w315-h449?key=pXRsOlM8nghDTXXRqF_buA																
SKY Castle		https://lh7-rt.googleusercontent.com/sheetsz/AHOq17HETWxuLefnkWXt4JUZIfvUV2HmxxHUn4y7jvhUYIbZMi40ZJbtfzo63qUpUNbjE0GutUO8hXrI638-p0JXzJe131eXmsTneXh3vxYXUME7jhHa3ZhYOBGw5C3FTqiUdmKxj8GS5EPNMP8=w315-h449?key=pXRsOlM8nghDTXXRqF_buA																
Squid Game		https://lh7-rt.googleusercontent.com/sheetsz/AHOq17FYALo1-VkXJb5qV3mzgkpTA6YGo5aMweuyRs4FAvX36T_yQ7E2iLQoVxu2GoaEB4tuGbHSuegdapLcBv19NGt0sE4fjntcP6Ao3m_Px8IAMskXkzMIigqO0451L5fjwnREiCf14SbJ4C9O=w315-h449?key=pXRsOlM8nghDTXXRqF_buA																
Strong Girl Do Bong Soon		https://lh7-rt.googleusercontent.com/sheetsz/AHOq17Hqs7SyLOf0lj5dzLNdZ1cp3D3yAMU4N6dh0co1_kfi7oo9Wnk5aHrQNS0r7idq8i9JhQNc6LjVlFTeC_PNOdu0wftxDYAjtZojqs4IbRHxpJrb-fHOvkO1rsUgvaN2CbVGq4CWk5AV9RlO=w315-h449?key=pXRsOlM8nghDTXXRqF_buA																
Sweet Home		https://lh7-rt.googleusercontent.com/sheetsz/AHOq17EwkFnXcdQCarpcjFVv6YjXeXcchsOwnc6DABLWCzuHusF4fxgFiOxjkgw3oTVDD-YGENy3WeW3dNpEXyR4iWuGiJiBbb6PYkCE-H_wkWesB_ZQGl2alzoVg_tyVRW-NN8YQoeLOs40EAPG=w315-h449?key=pXRsOlM8nghDTXXRqF_buA																
Tale of the Nine Tailed		https://lh7-rt.googleusercontent.com/sheetsz/AHOq17E4gRLNCK4lseyfcdtXxDYgBOZ0K-qgudaAryelh-8Hyl6kE2fThZ1JjPoUKbNGf8XtfOlY-3i7bpMHl7x9XsHRZOD4sojit0JO3gydis4RO1AHwQiz9JXDreHRv4HB3Rtn-QiEUeWHKdKG=w315-h449?key=pXRsOlM8nghDTXXRqF_buA																
The Atypical Family		https://lh7-rt.googleusercontent.com/sheetsz/AHOq17Fl_8vxSSKpEiMxOJr7nlPH6vpwPB7pTnvW_R3h7pY75_8nZUK64EvADiW_9wp1_CtVCUqqExRfYay2A-LGqlZus7hNQJKJnD00pz4MDL3aXL4fFrfJDMs9HOlQoQXeCVYPuz4jP2-7vW4=w315-h449?key=pXRsOlM8nghDTXXRqF_buA																
The Beauty Inside		https://lh7-rt.googleusercontent.com/sheetsz/AHOq17EqQ11mxfLRjvw4mSVofpag0XfgQBFNLUGUVIWa-UaeTMvk8fWsqQdOhKW_mhAeMa2DV3YQaGgJzfw2ASRqnxSC6uugsri0qi38WmldGHoQk803FIIB_Nqrj15XO6A4A582DXC_01IpdVYL=w315-h449?key=pXRsOlM8nghDTXXRqF_buA																
The Glory		https://lh7-rt.googleusercontent.com/sheetsz/AHOq17Hf648Q8XzUKD6gY-o19EdSLvd1nXnei4w5vszv6nkOFiKDtZGwU1aV_Brp7PBbeDeJTlU1hGpZt7-9XNUYkanACD5qp09cSdgKjIW0qQX9HwidvSlsL-kDIk2ebfhYcRjw-Em3zBXtfL4=w315-h449?key=pXRsOlM8nghDTXXRqF_buA																
The Good Bad Mother		https://lh7-rt.googleusercontent.com/sheetsz/AHOq17GO0AyG79ueCMaT7-JhekICZfCb7H07vmHZsz4c2ZBwttH_4jCkuuBerBZnUNbybX3PF6U2eh2j_wR3nyJMoRwj-fYMXsx8Ua_-iuPvZUumdcPeiJEPtnrAfrGfL6v7AD55I-5g5zrZn_wr=w315-h449?key=pXRsOlM8nghDTXXRqF_buA																
The Heirs		https://lh7-rt.googleusercontent.com/sheetsz/AHOq17EOEEiYlopyETz2PNtwxmBCfDLAq3e2GXymsBKOv-6ivVBBQUPcoyfO6Ma6CI7sgGaqhdqjftlnWujpVoNQHUfv9cBqt1squlYcN6vLAZO51jQ1Mr4oAeQ9NbCvBmLUd9gjMUbclAnxYVa0=w315-h449?key=pXRsOlM8nghDTXXRqF_buA																
The King: Eternal Monarch		https://lh7-rt.googleusercontent.com/sheetsz/AHOq17HS3Wd1E6s00XYN-SSfb0MiE0lMnifQjYR0q9Pj9PWjYvekWdwvp0nzQvT7nZg2z8AZQaOHrUU5UW6enplDVEkMBUK3Xv9CYjF_Bt8eQT1MGqfM41bJi0N3D7VPwr1mDSDF1lsmVI0rVTmL=w315-h449?key=pXRsOlM8nghDTXXRqF_buA																
The Light in Your Eyes		https://lh7-rt.googleusercontent.com/sheetsz/AHOq17HsceZ5x_PLIE6XcOBKImYq5C_Lq3zTtzp49Fi9zQJ-nnwbtO2hPY52CRClswwfRColK8cXj9TZfIe16lh6cLPnSnaoYAPZ8IjFmPMOkAG858mlg-kxsOybNpBtiipxrulrfkYNYwJAD8Ow=w315-h449?key=pXRsOlM8nghDTXXRqF_buA																
The Scholar Who Walks the Night		https://lh7-rt.googleusercontent.com/sheetsz/AHOq17HWcFdNJ4fdcChHGJdmY9dnKNqCO-nN9RyKMrpx69ADKy6sFYrP72O-fYEDRWzD0ZxOYUDR3s9ONrJuyJmNhrTBo6jOaLVof_C4dtaIsWvwU2r9Q1qqC579-tvy0QfJrlKGG0CPm7zV3h2-=w315-h449?key=pXRsOlM8nghDTXXRqF_buA																
The Uncanny Counter		https://lh7-rt.googleusercontent.com/sheetsz/AHOq17EY0yTPmKiT8RwQ0dXy2jiFruDR7DTfU1dD3Y21bJE_dFla2K5LQ3eCh_pBuMXUgop_1p-CA6dwN-ih3ln1bz_Ym2Qt67i9tsWKXvPdotf0j732kDKlOaVUdSyCd9EZAeOjHM6FqcSXKVd6=w315-h449?key=pXRsOlM8nghDTXXRqF_buA																
The Worst of Evil		https://lh7-rt.googleusercontent.com/sheetsz/AHOq17FwTo3hQ3YlFLh6cgNVr22mEAylFNx4DucpM_Yetkh3f7yYjFbhfvUzTHtTsDPSL-3CJv3hUhZeRJLEyafqNlhCtFJNyVwyxQcNYt3gFycMV2acBUa_G5xvmf2wicHfMnnsB-hkqPOP3cg=w315-h449?key=pXRsOlM8nghDTXXRqF_buA																
Tomorrow		https://lh7-rt.googleusercontent.com/sheetsz/AHOq17EUN8PsRguztOeHQMLwsfVM3nPteqoYwnA9gHj3zRuaqMD4JlXLTU0s-5OjKWFrCfPl3SiAtiLzaAaECR42JHk6W6sW5NyQ2Uuvl9mz7falHyN3S3egvdd-oAp6cUNqWM0zGMZmOaoBh4LN=w315-h449?key=pXRsOlM8nghDTXXRqF_buA																
True Beauty		https://lh7-rt.googleusercontent.com/sheetsz/AHOq17GBY0HMa2hTWfE8q-ZLABi9tXnNj7yYUYc-6OkmqTiBrrtd5rEmL4joJPQztrEG5xJGfzfhYwfv8eZMIV_JYQQtVXV3Ai5TnOr5UEoS_zFON71QlsiJvnvQgbnXifqgBRB-SE_WnBLBfv4a=w315-h449?key=pXRsOlM8nghDTXXRqF_buA																
Twenty-Five Twenty-One		https://lh7-rt.googleusercontent.com/sheetsz/AHOq17G_40EPA3P0n-M_phXm8C9ryt9xk7T_HkO5BuBLinpIIjGuj8LZrUsZwgbtFIXuOjV5GWiX5qOOwQNWDhODjQxZuSfxGZs6wZhLn-n_Bxckta4NBzm50PFzDQ6daSLVcHiCmPr8B4Wr75Tf=w315-h449?key=pXRsOlM8nghDTXXRqF_buA																
Twinkling Watermelon		https://lh7-rt.googleusercontent.com/sheetsz/AHOq17EB6OKox7Xn5OGakzOjGOMU_QBA36k_RK3IG4Dwlg-pgtVIpAsMmbnUkHQ1um97yulMon7KhImsh-HUoBESq9aXmRKmGRoCwy6G9vA07rZb2GvS4QMsucDtUtQ5Zcb4zC5kDko2L4Y1r10X=w315-h449?key=pXRsOlM8nghDTXXRqF_buA																
Vincenzo		https://lh7-rt.googleusercontent.com/sheetsz/AHOq17FRwzKiOjS_woo05MZuE-ozX5Lw8i0wjyIx_p31A0M4s2_4S_Jp31xX6stLPJupnwdBTBwLxDwLQ7-r0FocDvtVRINr5qDNLRAZRh55gcI1gFfAzbcBm9YxMzj0F9jKNnSvffyMSxisn1ZU=w315-h449?key=pXRsOlM8nghDTXXRqF_buA																
W 		https://lh7-rt.googleusercontent.com/sheetsz/AHOq17G0YWlqTk3VZai6SuFGd4kLvtzsbnbQZGHM1RUjKs1YxH3oQ4XLs6cYiuq7MltjumYmKwYInwnEZ_kbiBdAm4EUlQjVHRDS5lInVOSfjyTpW8DKWLef--ySH8CWn3r0f2j1OqxmSqsXmHOD=w315-h449?key=pXRsOlM8nghDTXXRqF_buA																
Weak Hero Class 1		https://lh7-rt.googleusercontent.com/sheetsz/AHOq17Ew8LruugjjAq9MzMQSKPdg8YqQyrbapUwvhBMw-ghKmMzQr7mVbMagOMJhoHGVJsSGH5goTrGIkOd8ZiDlDKIFOD4vdEYHoV71Cv3KkRvT-t3mUOM1GZH4Ew0k1UdyHXJiz78WcgfNZu0m=w315-h449?key=pXRsOlM8nghDTXXRqF_buA																
Weightkifting Fairy Kim Bok Joo		https://lh7-rt.googleusercontent.com/sheetsz/AHOq17HikYhAiQBG-YW62y0wccsHeieV0Ewnr2la0bw1zAiGV_eL61_xYu0qxu721kY8lhvrNK0fZG-4ky4z1Bw2HM5VwuvYyWHwsxMCIXL_OPsDHvIvmDYcaKzLt0wyUscNvWlE7nNpkCE5B_LI=w315-h449?key=pXRsOlM8nghDTXXRqF_buA																
Welcome to Waikiki		https://lh7-rt.googleusercontent.com/sheetsz/AHOq17F02HZDOiEn9aSK90X64hnVEjVVWUxk9DgNUMyMYn1CPKw-ivYKJMkQa0TUuuaJlGraDQM2hJiQzpEdUd6SxPED6V_cIuFag7VacB8k5aM08LdjUpw2TH_YjI6wvidB1uIZUm2Rd9m09VBA=w315-h449?key=pXRsOlM8nghDTXXRqF_buA																
While You Were Sleeping		https://lh7-rt.googleusercontent.com/sheetsz/AHOq17HYp_Hh9f3vDVbgu8bR5-u_oJlBKbGeYNEXnmXWOYm6B9LhMqaYpdsBFJ5wrUEFKdEUWeir0e5xhEJS3d26-h7TGqX_gElFDrGoFhGIeb5jMtMfGnKyf2NPl4i40EocWI_gTogEIYs5k6Ly=w315-h449?key=pXRsOlM8nghDTXXRqF_buA																
Wonderful World		https://lh7-rt.googleusercontent.com/sheetsz/AHOq17GQvDw6JIjgbUAmfgET0IhgO08LC-iXPiYiZ4ExfeIJ1GtZAWMlmKvcT2XgyCczZ1E44lNQeQf6pNcPDNOy2H2tyyv3IJz9C8XVnKCS8tqS4Y1AlKmV_8CNp9zj-Wzg9O9Eu9Zo62KgBP0C=w315-h449?key=pXRsOlM8nghDTXXRqF_buA																
K-Dramas		https://lh7-rt.googleusercontent.com/sheetsz/AHOq17HeHeCKBx1XG214eppLrnwmFNp8Hjw--IowO6RQUXZ0p3xzuuNiUSKScF2YTdE9qzkfnKAceLJmUzcNJAenwqynDJygbDQr-lVUfZ_Vlwl4quSTQvTwp9A2Pa9gD2_slzqoksQAZsXHRcs=w315-h19?key=pXRsOlM8nghDTXXRqF_buA																
