,,,
A Time Called to You,https://i.mydramalist.com/BdpgYz_4f.jpg,,https://lh7-us.googleusercontent.com/sheets/APBGjhYOmLWqgPXVAT_nwjDnKcYY0nvTUoKnXLZTZAMBhSZgGrtTyZe8Wiu28qrShlPcgPdwSJwxH3JMVvNVSt4mLAAGGhhr2ERajE7TJHPHiySqfB_zbMpgSRqn0hMD_1y77Inbmhb0SkxVmtEulbw4tCYjSjWuu7tWEHMo8iy8UPV5aRMLCow=w450-h699
Alchemy of Souls,https://i.mydramalist.com/EEB1W_2f.jpg,,https://lh7-us.googleusercontent.com/sheets/APBGjhayud0bzSDixJ9ZDrpx3iH8VDEhfsG_aZK2vVNaIlc3tXcnAyNjN4FwYJsj-xdT7hZG7Mh52xpTz3sjoUxqpP-RDStOoIAoNn4zHsO-Hb81u2YCB7Luwzkhv5Xy4aXmnLFpyAnemxcRgmpnB6W4ybTWAw_YP2TTpNJE1z3Zrx7MopkLPVDDfw=w450-h699
Business Proposal,https://i.mydramalist.com/v24Pg_4f.jpg,,https://lh7-us.googleusercontent.com/sheets/APBGjhYShsfyUuO7DHqrgaxE6CF0kJguN82HcUnovK9aVtVocpnwrM8_i8VJBNk4WxSKUJNMMWb85eOkKrBHI7OoX3x0hMpg1DUD1tusZ1Yp4h04VShFMEbBc8HxR0h6WuOPQnIJSZjYfxbztcSI1fmHyoqecB--z34-Vu0Al2_LpL8QbHZ0ts4BuA=w450-h699
Crash Landing on You,https://i.mydramalist.com/XrN2df.jpg,,https://lh7-us.googleusercontent.com/sheets/APBGjhYlZQLufELRTynO5Qb71NA5l5Cqj3KLTQK6Ljswv9bFLlIF4PXeQssGQwkw26qlI_EzYPeZOAuz5sPahfTVxsddCqpjKLoR4G-xI6-QseSdN_rNmYR_Tn0EpeYd-wK54MZJTlS-8ySIo-tNIdGzja8QNgqXaWQwjKM_k2h2qPlWSU6UHUg=w450-h699
Death's Game,https://i.mydramalist.com/QJKVK7_4f.jpg,,https://lh7-us.googleusercontent.com/sheets/APBGjhb9fjhclB1VQMqJBgL3FAkMTb9thKK6bSGiyz1X_rDhFJ1ysiOEuKAUNpYg92yYEIRMPxPnc3Ggy2dYzFBWmFTyR--RSxAvQh0yMwFK1n6LAwRJpDqaylveR4zl5luc9tA0J1HCKCA6gSZ4LmL8dGkcBjK5OWibKJbbZ0hGd_dUlcChiCIe8A=w450-h699
Descendants of the Sun,https://i.mydramalist.com/vN26Zf.jpg,,https://lh7-us.googleusercontent.com/sheets/APBGjhYidDXQSzhRYSHDZNxLNYjtnk0h8pLxAriAR95UtBsFcXqhcKPo47kzA9tgQf3OUXV1m1vtojXB1qK0X7l8a2Z5t3SD3f_7u5NAyoOTA_y2VjnhK4vSiAEz8I_U9O5Np1SEySO4pItQULr9VnvImaxF0s0el734KycAMhnMUE2sqtrudc56aQ=w450-h699
Doom at Your Service ,https://i.mydramalist.com/vlNOX_4f.jpg,,https://lh7-us.googleusercontent.com/sheets/APBGjhbZ6dGaGKrrnKbv99nDthcD0biYULCvYStSEovLDKWh0kmd9UJutqAblUpS8l3OaVAs2sYCVqTFmlXAZOEoBASEP-NkqWfoYbt1QU8wPL1Q9xpB1Ks_8YYrmvNuK455sHAHOl2qc61c0XsGEn2vrvdSnhpzxsVQMd1HsbwmtPbuO30EqHYXwQ=w450-h699
Itaewon Class,https://i.mydramalist.com/kOpKmf.jpg,,https://lh7-us.googleusercontent.com/sheets/APBGjhb0gkM6daBxW3jzhMccA4rIcn5QhepABbdo6JugHUsbpia2RbA1cBERErXRkFU5HyojFTfpz7MheO4-kUQs_m889MHxGX1j4KApifMyf__5WVM_G86u1nwA3i4aanLxrZcsaS3zmCGpEB8PCV9BS9d9NIa2zjrXCmeuGkQtqZFspYWR5PJ4SQ=w450-h699
Flower of Evil,https://i.mydramalist.com/WAEAp_4f.jpg,,https://lh7-us.googleusercontent.com/sheets/APBGjhb_nO12J5QHEiuIQm7M1VCSEDj1yuHe4QWtj8YBtgrXuKJN4ukLVm5afFTNZCaC1LPRaX7zGg-JgasqB2f2l_sIsh2m6pD-tB3VBfD3S9psEpzxnkXHdEXl2_bsFmEC_sCCQTH7kZ9RHVqi1ZB3IfMQnNu8Cj9vd9_ERXmX_WzT2piAkZKvsA=w450-h699
Goblin ,https://i.mydramalist.com/JkD8Xf.jpg,,https://lh7-us.googleusercontent.com/sheets/APBGjhbRODCnGE2Cu98jbMILAfBANwg5C4zjWXra5VeKn4j3VaPf9MqhQGT8VNMSKJojNuh_5XZUHAxkHel-2m9BOajSwPnhjDniH2QNBI4rMPSToJFATeAhJ8TpcQs8ItFMMXBAWdlxX9Yf6iKWEzNegEmy82O37BOqSwE5Si2wX3_kZWVonsDPEQ=w450-h699
Ghost Doctor,peyDr_4f.jpg (762Ã—1080) (mydramalist.com),,https://lh7-us.googleusercontent.com/sheets/APBGjhZsvAIfYVoypqXeUcLv_YfRszk8NMRGG7IKPKkGwivRY4a5K6Tl8IunjrTPyZb5xu77CkqAIiJoTQy4nFw3NqsytPPciVUdhodN0GkI-ZjYXh_1EoFIlBHDF0mQUA66-0gyCeQAzW3JRPEm5coU9Fi6ZTfq_CluhAmjbdaB6UFeNxkwNic=w450-h699
Happiness,https://i.mydramalist.com/BWXjV_4f.jpg,,https://lh7-us.googleusercontent.com/sheets/APBGjhaal6zYaUms1kf5MseeG3V1bRvDXI4vHvofI0efjN3JLec3ZIkWSGBL4Affwg23X3U3gzE3x71_DPEmSxbop6ahIfJwdzwV-kArSVJcuVg5wi8KoGWF3dvgGl51-gwQ4QIAZdYCeWrP5O_0ZU-4v1cBrsmts0ZHFzXc9ZkMlmAVvUPk2Qg=w450-h699
Lovely Runner,https://i.mydramalist.com/x4K4VE_4f.jpg,,https://lh7-us.googleusercontent.com/sheets/APBGjhbpt8t-L-1eU7lng7YlSYS27G3jz0KvhY0UqQvkltrCHOV0S5lIpN8kAAhLvnM-FqgKZdwMYFkzZ17GLR0ngkSooF2-PmWFADMbyzX_ZcpbPB6UcHWZfUdPEGltstp-9LEeJ4OJtffoppcfJHpZOt7bjXmzf5tDC2MH-MXsXLsQ6FR5eCV-rg=w450-h699
Marry My Husband,https://i.mydramalist.com/jQX6Y8_3f.jpg,,https://lh7-us.googleusercontent.com/sheets/APBGjhaC_Po2MfYpKhGGMtrh_HFQnQk55olrYScrRr8XvQKhBCDFOjILMPLhuUNarth-01i-RMKnOnvbmvMMu5O_uUVmqUXKHb3Mz8-44wFJ0Rpf6Uuu3ap7eppG95HsRXdoxCRcj0UA4J7CNklRsTOgO5lcFKGDVEvlv7lX332XYdDeVwrUyeYePg=w450-h699
Moving,https://i.mydramalist.com/x4kN8X_4f.jpg,,https://lh7-us.googleusercontent.com/sheets/APBGjhZxxzgAL1DoQwYXLqzyOYVvkWmPJPfg-dV8FOu-Wq9nRJbn4jBZitdEwFtMPwa-SwWRDfc0G2CtS60Tt8R7mpJbBLQ3yY_-8vFkHXLP0yy_wTtnq6i5dQEmjvqQbeFjB8dWuTJdGgk3xSk7hkBOprS5LcSdTL9K8XFS1E0c6alDAVPgSciahQ=w450-h699
Secret Garden,https://i.mydramalist.com/15Ygy_4f.jpg,,https://lh7-us.googleusercontent.com/sheets/APBGjhalfObosUaZIrYDTH2uzslRVi4aEYJtS9nQx1A-Nsu-8ibo6yOO1-h168LnKwJ5ewfXTcgi0jNrhYt2A91ri-vg4iVTJWyM_TGEk6E50DZPwLfX8J6zLc3JevgduwJxIQjDoHLg-9SaioocPHAq28_Ug1ntWO6yJVvjCwRq2kHSpU9_srPaag=w450-h699
Shopping King Louie,https://i.mydramalist.com/KDL5Xf.jpg,,https://lh7-us.googleusercontent.com/sheets/APBGjhbW9V2XQRH7nOyDT6kutUBweuiRBP7dnibh6fD3XFY4ry3Gg3tp5J-ii4PQanIsg6KAS2Vkmv1ydkxA9pQIIIIt4tHWBd-wWppbRmJ9yAMqJi43t68-bBn1CSeasHrN2DT79Gt5irlN1LLolFUOKo6QDi7lFDYFtrCec-QyWKhDS4IKlkqeDg=w450-h699
Strong Woman Do Bong Soon,https://i.mydramalist.com/XZqYJf.jpg,,https://lh7-us.googleusercontent.com/sheets/APBGjhZZAq1OM5udgMnI_gGIPvXe3k8GV_sI7gpG6M4IC2MV12O-hp9Z9FDX6b9_LXd2rY4KPLUoLTefndQww3wKvtLJh0Xh7LIro2QNG59GS1IldN3duAJt32y_0cppNrKMNgSvX587LWBIAjO16Jq6GDK8Ch8O6d5v7TQlUZfq1uS9zC1OtvtWng=w450-h699
Tale of the Nine Tailed,https://i.mydramalist.com/2kjdk_4f.jpg,,https://lh7-us.googleusercontent.com/sheets/APBGjhaRHKsf7hTYPiKXt1Uxthpc3e7ASdgTdcK2HHt7Nd10IUZzrjwX8EiUZwcm2-BNoZIcaFBiumZxkup8z_3YGiPwyEMoVzkOf561pua-5RM9x_QIRhlmvxfDsOcIgMZInTHlbgME_78GySHHfLFH6H-TFBZQ4HhYZqVXmQ3rFzO5dSNdVOWTNA=w450-h699
The Glory,https://i.mydramalist.com/4v6zJ_4f.jpg,,https://lh7-us.googleusercontent.com/sheets/APBGjhbtkDI859miTTICQVZiY5IYV7oYkbJNF-I0nwuUIOwQQWpl4gBaJRW4W89Pm0Ypi_-rZsFelhl75cYeNVe-Pn0APnQ54gNK5rKFW3XkYhLZOP2SA5jLxmKgcrms729PumVGjy9K5UfRBNR7-dVOxUaZQrGJNYt6d2C0-T37FyBJXE04tQZ34A=w450-h699
The Good Bad Mother,https://i.mydramalist.com/E5x540_4f.jpg,,https://lh7-us.googleusercontent.com/sheets/APBGjhYZi234_dyjckrdOQzO08Ra9BiwVREvEPjBj16th3I4iQFZKzhoLFYv0YDARRXekAwB80IlS1NJRyNd9CQ7s3Z7u4Otqq7R38VpiaeOcvbq85NRcEpsogHUM7naETDKsox6X0-ObTiDBwW4jitPVoq_48UMuwRx7iG4oczGYEdcWzLpbIhx3w=w450-h699
The Uncanny Counter,https://i.mydramalist.com/v3032_4f.jpg,,https://lh7-us.googleusercontent.com/sheets/APBGjhYDGLsmslkfrQQF7RTUeCPFJuSbJged61N2EraJmYpWwb331XNOyBHab1m3HkQ3oaDnGgz_gZ5udNjU_jB8HbQ1lT4da5tIjeIsInrkW6X226W6LRYq8Vn5SPqNjljTSdR1cBlS2FBW0fLnsOqhfung-H6lErXLgDENoTGaQ0J_iEwhbYZvqg=w450-h699
Tomorrow,https://i.mydramalist.com/qjBQ2_4f.jpg,,https://lh7-us.googleusercontent.com/sheets/APBGjhb1wt2OvYabynlrUgaUK-ONJiH-43e81oh3TMfG-b9fAGgN7QkOYzAVa3IlD64F_vSS1NCykBd1SSQl4zEs6ghxfFLRn7U51DbYrpGF8eRIFodick1WCyHFVRqg0jxdpIpVN7Q0iIBF3sCsMy86vJHKbEVhq0EOPUd7djdHj8hoYTP0FpZC_A=w450-h699
Twinkling Watermelon,https://i.mydramalist.com/2w44jE_4f.jpg,,https://lh7-us.googleusercontent.com/sheets/APBGjhaN4lSlRjlEP3yz_aDCOU1MYf4BpSrAQme-jUh_k8TpILxb-UIVkX1yXmkKlPmFZ_2RSerpShSCH5G2J8cLUHTSrg6fgB-QeW4lHGz7Iwd_WM8IbqqR-A9Zd5G3S0mkNrhFkkJ0ajzZcKrAV3UhEA2zNY2SN3EuLfrVrNFpZ-fOnvlnhwAjTA=w450-h699
Vincenzo,https://i.mydramalist.com/vAnBe_4f.jpg,,https://lh7-us.googleusercontent.com/sheets/APBGjhZ9MnXNtwl7K2a3P67o4MVZJOENu5tDwBGi4_s2yl6lWcLHCC4E0USueioc7tTWp8Pj0SolS6w1EFbpmE2cImYAJ37elbWT7DIamA_fULjsZEmyOUDlid489fQgpIgLb-fPXtGaQ2inAgIKP4xN2_ykH8pZoGZANlx_i47G6t7exMV7vKxxSg=w450-h699
Queen of Tears,https://i.mydramalist.com/pd4DkE_4f.jpg,,https://lh7-us.googleusercontent.com/sheets/APBGjhY7K5v9admgSoicYTLz6bxINXvRfPMVOTJaSMngTbZ3ZFkf0t70RORlZIhnFdhmSZ04O4xvQsb5T_thPzqTbFfn3vNhyfXEKIiuUAKgeXMDVfUGgCC-O-EcMQqVbnbn4NF2oDMQNzoe8GDQd9Nwhh665OUSALNrUsklQ30JiqDClKEBuA7Krg=w450-h699